{
   "Normalized Ca amplitude":[
      38.63715141011502,
      42.87694974003467,
      52.016700803529226,
      66.33842760359227,
      83.4346935560107,
      104.5060658578856,
      136.56057980148103,
      147.03481959981096
   ],
   "Somatic distance (um)":[
      1.0008697022215218,
      0.8838884512368048,
      0.5957397195525445,
      0.3423916811091854,
      0.18016070584528143,
      0.08305656215534896,
      0.029550968961714164,
      0.023273987710729527
   ]
}
